CLIENTS;LIVRE 1
C100012;
C100021;
C100022;2
C100030;
C100035;
C100045;
C100061;1
C100063;1
C100067;3
C100079;
C100108;
C100121;
C100281;
C100305;
C100437;
C100522;
C100551;
C100608;1
C100609;
C100617;
C100626;
C100633;
C100640;
C100642;
C100643;
C100648;
C100649;1
C100653;
C100654;
C100665;1
C100667;
C100693;2
C101009;
C101017;
C101048;
C101050;
C101055;1
C101067;
C101111;2
C101117;1
C101120;
C101125;
C101126;
C101144;
C101147;1
C101191;
C101197;
C101211;
C101251;
C101855;
C102000;
C102001;1
C102126;
C102168;1
C102172;
C102475;1
C102500;
C102550;
C102600;1
C102667;1
C102671;4
C102672;
C102952;
C103148;
C103151;
C103230;2
C103265;
C103267;
C103421;1
C103460;
C103558;
C103564;
C103567;
C103633;1
C103640;1
C103850;1
C104061;
C104232;1
C105054;
C107442;
C107447;
C108401;
C109361;
C109451;
C109881;
C110000;
C110102;
C110356;
C110881;
C111100;
C111481;
C112282;
C113136;
C114057;
C114090;
C115360;
C117579;
C117841;
C117877;1
C118210;
C118970;
C119142;
C119215;
C119971;
C120175;3
C120872;4
C121004;
C121770;2
C121900;
C123699;2
C125090;
C125102;
C126143;
C126900;3
C128050;
C129632;2
C129701;
C129861;
C130025;2
C131520;
C131523;
C131525;
C131805;
C131861;
C131862;
C131863;
C132101;
C132172;
C132327;
C132335;
C132340;
C132343;1
C132344;1
C132350;
C132405;2
C132750;1
C133632;5
C133671;
C134456;2
C134621;
C135290;
C135613;
C135638;
C135674;
C135704;
C135711;
C135721;
C135830;
C135864;
C135866;
C135869;2
C135871;
C135872;
C135874;
C135878;3
C136968;
C137745;3
C137775;1
C137780;
C137916;
C137964;
C137980;2
C137983;
C138100;
C140101;
C140102;
C140103;
C140104;
C140105;
C140106;8
C140108;
C140112;
C140113;
C140115;
C140861;1
C143438;
C143502;1
C143591;3
C143866;
C144790;
C144795;
C147766;2
C149362;
C150100;2
C150821;2
C151302;
C151400;2
C151622;
C151626;
C151632;
C151901;
C152414;
C152423;1
C152426;2
C153866;3
C154432;1
C155809;
C155848;
C156000;3
C156402;
C158281;1
C158283;
C158414;3
C158451;2
C158901;2
C158910;
C158912;
C159880;
C160461;
C161159;1
C162668;
C162672;
C162682;1
C162687;1
C164001;
C164483;
C164582;2
C166077;3
C167690;
C167802;2
C169560;
C169561;
C169562;
C169564;
C169567;
C169583;
C169587;
C170105;
C170876;
C171000;1
C171379;
C171610;
C171750;1
C171751;
C172473;
C172780;
C172783;5
C172795;1
C173353;1
C173360;1
C175100;
C175577;
C176303;
C176641;3
C176851;3
C178166;5
C178796;
C179460;
C185901;
C187180;
C188664;
C188778;2
C190649;3
C191460;
C192270;12
C192280;
C192350;
C192488;
C192816;
C192817;
C194775;3
C195506;
C195615;
C196378;
C198100;
C198560;
C199527;
C199673;
C199675;
C199701;1
C199799;2
C199813;
C199826;3
C199838;
C199842;
C200015;
C200022;1
C200094;
C200097;2
C200106;
C200107;
C200432;
C200646;
C200649;2
C200757;
C200969;
C201008;
C201012;
C201013;
C201070;
C201072;
C201073;
C201079;2
C201086;
C201098;
C201101;
C201102;
C201104;
C201106;
C201107;2
C201108;
C201114;
C201121;
C201122;
C201129;
C201151;
C201165;
C201666;1
C201667;
C201702;
C202355;1
C202381;
C202400;
C204860;
C205561;1
C205563;
C205631;
C207345;
C207346;
C209164;
C209841;
C210110;
C210176;2
C210177;
C210178;
C210180;
C210202;
C210910;
C211266;
C212214;
C212217;
C212775;5
C213319;
C213721;
C215411;
C215442;
C215890;
C215959;1
C216325;
C216393;
C216863;2
C216900;
C217454;
C218123;
C219260;
C219760;
C219770;1
C220020;
C220811;
C221068;
C221282;1
C221471;
C221482;
C221525;
C223671;3
C223673;
C224257;
C224899;
C224990;
C224991;
C224993;
C224994;
C224995;
C224996;
C224997;
C224998;
C224999;
C225002;
C225891;3
C226981;1
C228001;1
C228701;
C228883;
C228884;
C228917;
C230151;
C231952;
C232350;2
C232704;
C232705;
C232756;1
C232781;
C232782;
C232783;
C232786;
C233423;1
C234789;
C235000;
C235001;
C235002;
C235003;
C235005;
C235507;
C235544;
C235545;
C235546;
C235548;
C235549;
C235550;
C235551;
C235552;
C235553;
C235554;
C235555;
C235556;
C235557;
C235568;
C235573;
C235577;
C235599;
C235605;
C235606;
C235609;
C235618;
C235619;
C235620;2
C235622;1
C235624;
C235625;
C235626;
C235627;
C235628;
C235629;
C235630;
C235631;
C235632;
C235633;
C235634;
C235655;
C235789;
C235790;
C235827;
C235867;
C235911;
C235912;
C235913;
C235916;
C235917;
C235919;
C235921;
C235923;
C235925;
C235926;
C235929;
C235930;
C235932;
C235933;
C235934;
C235936;
C235937;
C235939;
C235940;
C235941;
C235943;
C235945;
C235946;
C235947;
C235948;
C235949;
C235950;
C235951;
C235952;
C235953;
C235954;
C235955;
C235956;
C235957;
C235958;
C235959;
C235960;
C235961;
C235962;
C235963;
C235964;
C235965;
C235966;
C235967;
C235968;
C235969;
C235972;
C235973;
C235974;
C235976;
C235977;
C235978;
C235984;
C235985;
C235986;
C235987;
C235988;
C235989;
C235991;
C235992;
C235993;
C235995;
C235996;
C235997;
C235998;
C235999;
C236000;
C236002;
C236003;
C236004;
C236005;
C236006;
C236007;
C236009;
C236013;
C237100;
C237602;2
C237610;
C238336;
C239201;2
C239821;
C240233;
C240237;
C240239;
C240247;3
C240881;
C242605;
C243686;
C244861;
C245224;1
C245551;
C245782;
C245850;
C247280;
C247709;
C247790;
C247813;
C247815;2
C247818;
C247819;
C247823;
C247832;
C249930;
C252050;
C252812;1
C252990;1
C253843;1
C254830;
C255566;
C255588;
C255611;1
C255622;
C256025;
C256055;
C256061;
C256063;
C256067;
C256082;1
C256087;2
C256088;
C256093;
C256098;1
C256099;
C256103;
C256124;
C256131;
C256138;
C256149;
C256150;1
C256151;
C256159;
C256161;
C256166;
C256167;
C256170;
C256171;
C256176;
C256183;
C256184;
C256187;
C256188;
C256189;
C256208;
C256325;3
C256615;
C256895;2
C257011;
C257013;
C257681;2
C258153;
C258154;1
C258415;2
C258602;
C258649;
C259008;1
C259130;
C259659;2
C259663;2
C261286;
C261302;2
C261303;
C261330;
C262008;
C262865;
C262881;1
C262883;2
C263324;
C263349;2
C263859;
C264402;
C264882;2
C266760;3
C266761;
C268845;
C268891;1
C269000;
C270237;
C270293;
C270810;
C271320;
C271404;
C271409;
C271470;
C271472;
C271473;
C271475;1
C271505;
C271951;1
C272908;
C272968;
C273180;
C273182;
C273185;1
C273771;
C274126;
C274426;1
C274428;
C274726;
C274874;
C276459;
C278211;1
C278768;
C280011;3
C285522;
C287602;
C290000;
C290681;
C290720;
C292306;
C292536;
C293480;
C293666;
C294903;1
C294911;3
C295520;
C295959;
C296362;
C296411;
C296589;1
C296591;
C297334;
C298517;
C298700;
C298733;
C299503;
C300018;
C300114;
C300151;
C307430;
C311270;1
C311275;
C330119;
C336000;
C336002;2
C336003;
C336005;
C336006;
C336007;
C336008;
C336009;
C336010;
C336011;
C336014;
C336018;
C336019;
C336020;
C336021;
C336022;
C336025;
C336026;
C336027;1
C336029;
C336030;
C336031;
C336032;
C336080;
C336082;
C336088;
C336089;
C336092;
C336093;
C336095;
C336099;1
C336101;2
C336104;
C336107;2
C336109;
C336110;
C336112;
C336113;
C336114;
C336132;
C336135;
C336136;
C336143;
C336144;
C336145;
C336151;
C336152;2
C336155;
C336156;
C336159;
C336161;
C336164;
C336166;
C336169;3
C336170;
C336172;
C336174;
C336177;
C336178;
C336182;
C336184;
C336185;
C336186;
C336188;
C336208;1
C336209;
C336214;
C336216;
C336217;
C336225;
C336226;
C336227;
C336228;
C336229;
C336237;
C336239;
C336240;
C336241;
C336244;
C336252;
C336253;
C336259;
C336260;
C336266;
C336273;
C336274;
C336276;2
C336277;
C336278;
C336280;2
C336282;1
C336283;1
C336284;1
C336286;
C336287;
C336288;
C336293;
C336294;
C336300;
C336302;
C336303;
C336307;
C336308;
C336310;
C336311;
C336314;
C336315;
C336317;
C336319;
C336322;
C336324;
C336378;
C336382;
C336399;
C336403;2
C336404;3
C336405;
C336407;
C336408;
C336410;
C336417;1
C336418;
C336419;
C336421;3
C336424;
C336425;
C336426;
C336427;
C336429;
C336431;
C336432;
C336433;
C336434;
C336437;
C336438;
C336442;
C336443;2
C336445;
C336446;
C336447;
C336448;
C336449;
C336450;
C336452;1
C336455;
C336456;2
C336459;
C336460;
C336464;
C336465;
C336467;
C336469;
C336472;
C336473;
C336477;
C336478;2
C336479;
C336480;
C336485;2
C336486;2
C336492;
C336496;
C336498;
C336499;3
C336500;
C336502;
C336504;
C336508;
C336509;2
C336513;
C336514;
C336515;
C336517;1
C336518;
C336520;1
C336529;3
C336534;
C336537;2
C336540;
C336542;
C336544;
C336545;
C336546;
C336549;2
C336550;
C336552;
C336555;2
C336556;1
C336558;
C336560;
C336561;
C336565;
C336567;
C336568;
C336572;
C336574;
C336575;
C336581;2
C336587;
C336588;10
C336589;
C336590;2
C336592;
C336595;
C336599;
C336603;
C336604;
C336609;1
C336611;
C336612;3
C336614;2
C336616;
C336618;
C336620;
C336621;
C336628;3
C336631;
C336632;
C336634;
C336635;
C336644;
C336645;
C336646;
C336648;
C336650;
C336651;
C336654;
C336660;
C336661;
C336672;
C336683;1
C336684;
C336700;
C336701;
C336704;
C336705;
C336707;
C336708;
C336712;
C336715;
C336716;
C336717;
C336718;
C336721;
C336801;
C336802;
C336804;2
C336834;
C336836;
C336840;2
C336841;
C336889;
C336900;2
C336902;
C336903;
C336910;4
C336913;
C336915;
C336917;
C336918;
C336919;1
C336923;
C336924;
C336925;
C336928;1
C336930;
C336932;
C336933;
C336934;
C336935;1
C336939;
C336941;4
C336943;
C336945;
C336946;
C336950;
C336953;
C336954;
C336958;1
C336959;
C336973;15
C336982;
C336984;2
C336988;
C336991;
C336992;
C336996;
C336997;
C336998;
C337001;3
C337770;
C337790;
C338006;
C338007;
C338008;
C338009;
C338010;
C338011;
C338012;
C338013;
C338014;
C338015;
C338016;
C338017;
C338018;
C338019;
C338020;
C338021;
C338022;
C338023;
C338030;
C338031;
C338032;
C338033;
C338034;
C338035;
C338036;
C338041;
C338042;
C338043;
C338044;
C338045;
C338046;
C338047;
C338048;
C338050;
C338051;
C338052;
C338053;
C338054;
C338055;
C338058;
C338059;
C338060;
C338061;
C338062;
C338063;
C338064;
C338066;
C338082;
C338083;
C338084;
C338085;
C338086;
C338087;
C338088;
C338089;
C338090;
C338091;
C338093;
C338094;
C338095;
C338096;
C338097;
C338098;
C338152;
C338200;
C338400;
C338771;
C338788;
C338800;
C338901;
C338912;
C339001;
C339004;
C339005;
C339006;
C339008;
C339009;
C339010;
C339011;
C339012;
C339013;
C339015;
C339017;
C339018;
C339019;
C339022;
C339023;
C339024;
C339025;
C339027;
C339028;
C339029;
C339030;
C339031;
C339032;
C339034;
C339035;
C339036;
C339037;
C339038;
C339039;
C339041;
C339042;
C339043;
C339044;
C339045;
C339046;
C339051;
C339052;
C339053;
C339054;
C339055;
C339056;
C339057;
C339059;
C339060;
C339061;
C339062;
C339063;
C339064;
C339065;
C339066;
C339067;
C339068;
C339069;
C339070;
C339071;
C339073;
C339074;
C339075;
C339076;
C339077;
C339078;
C339079;
C339080;
C339083;
C339084;
C339085;
C339086;
C339087;
C339088;
C339089;
C339090;
C339091;
C339093;
C339094;
C339095;
C339096;
C339098;
C339099;
C339100;
C339101;
C339102;
C339104;
C339105;
C339106;
C339107;
C339108;
C339109;
C339112;
C339114;
C339115;
C339117;
C339118;
C339120;
C339121;
C339122;
C339123;
C339124;
C339125;
C339127;
C339129;
C339131;
C339132;
C339133;
C339134;
C339135;
C339136;
C339138;
C339139;
C339140;
C339142;
C339143;
C339144;
C339145;
C339146;
C339150;
C339151;
C339153;
C339154;
C339167;
C339171;
C339172;
C339173;
C339174;
C339175;
C339176;
C339179;
C339180;
C339183;
C339184;
C339186;
C339187;
C339188;
C339189;
C339190;
C339191;
C339192;
C339193;
C339194;
C339195;
C339196;
C339197;
C339198;
C339199;
C339200;
C339201;
C339202;
C339203;
C339204;
C339205;
C339206;
C339207;
C339208;
C339209;
C339210;
C339211;
C339212;
C339213;
C339319;
C339320;
C339321;
C339340;
C339348;
C339349;
C339350;
C339351;
C339617;
C339618;
C339621;
C339631;
C339633;
C339800;
C339809;
C339810;
C339811;
C339812;
C339813;
C339815;
C339817;
C339818;
C339820;
C340218;
C340219;
C340304;
C340306;
C340307;
C340310;
C340316;
C340317;
C340318;
C340319;
C340323;
C340324;
C341101;
C341104;
C341105;
C341106;
C341107;
C341250;
C341254;
C341267;
C341269;
C341270;
C341271;
C341275;
C341280;
C341284;
C341286;
C341287;
C341291;
C341298;
C341300;
C341323;
C341517;
C341532;
C341606;
C341615;
C341621;
C341622;
C341623;
C341624;
C341625;
C341626;
C341628;
C341630;
C341999;
C342048;
C342049;
C342054;
C342055;
C342056;
C342058;
C342059;
C342063;
C342064;
C342065;
C342072;
C342073;
C342078;
C342080;
C342081;
C342082;
C342083;
C342085;
C342202;
C342203;
C342204;
C342205;
C342206;
C342207;
C342208;
C342209;
C342210;
C342211;
C342214;
C343002;
C343003;
C343004;
C343201;
C343203;
C343204;
C343205;
C343207;
C343209;
C343407;
C343411;
C343417;
C343600;
C343607;
C344098;
C344099;
C344103;
C344104;
C344105;
C344107;
C344108;
C344109;
C344110;
C344111;
C344115;
C344118;
C344120;
C344121;
C344135;
C344136;
C344139;
C344140;
C344141;
C344142;
C344143;
C344144;
C344150;
C344153;
C344157;
C344159;
C344160;
C344165;
C344166;
C344169;
C344171;
C344173;
C344174;
C344175;
C344177;
C344179;
C344180;
C344181;
C344182;
C344184;
C344185;
C344186;
C344187;
C344188;
C344189;
C344190;
C344191;
C344194;
C344195;
C344196;
C344197;
C344198;
C344200;
C344201;
C344202;
C344203;
C344204;
C344209;
C344210;
C344211;
C347501;
C347502;
C347503;
C347504;
C347505;
C347506;
C347507;
C347508;
C347509;
C347510;
C347511;
C347515;
C347516;
C347521;
C349130;
C349131;
C349132;
C349140;
C349145;
C349147;
C349150;3
C349154;
C350030;
C350070;
C385200;
C385201;
C398397;
C398400;
C398401;
C398404;
C398405;
C398407;
C398408;
C398409;
C398412;
C398413;
C398416;
C398418;
C398419;
C399691;
C400015;
C400019;
C400025;
C400038;
C400113;
C400114;
C400121;1
C400150;
C400212;2
C400218;
C400219;
C400308;1
C400317;
C400320;
C400337;
C400347;
C400423;
C400430;
C400463;
C400464;
C400468;
C400477;
C400481;
C400483;
C400484;
C400487;
C400494;
C400502;
C400511;
C400537;
C400541;
C400545;
C400550;
C400556;5
C400557;
C400558;
C400560;
C400562;
C400563;
C400564;
C400565;
C400833;
C400839;
C400853;
C400925;
C400937;
C400952;
C400965;
C400966;3
C400988;
C400997;
C401020;1
C401021;
C401028;
C401092;
C401099;
C401122;3
C401134;
C401150;
C401160;
C401170;
C401189;3
C401214;
C401255;
C401331;
C401336;
C401338;
C401349;
C401351;
C401359;
C401427;
C401508;
C401515;
C401529;
C401651;
C401704;
C401922;
C401968;2
C402016;
C402017;5
C402026;2
C402035;
C402037;
C402038;
C402040;
C402042;
C402113;
C402120;
C402128;
C402137;
C402143;
C402332;
C402481;
C402502;
C402540;
C402605;
C402607;
C402610;
C402620;4
C402636;3
C402654;
C402655;
C402660;4
C402680;
C402780;
C402823;
C402842;3
C402911;
C402920;
C402928;
C402930;3
C402931;1
C402934;
C402936;
C402938;
C402940;3
C402966;
C403007;
C403009;
C403012;
C403014;
C403018;
C403023;
C403026;2
C403035;
C403047;
C403051;
C403056;
C403063;
C403066;
C403075;
C403078;
C403083;
C403092;
C403094;
C403095;1
C403106;
C403125;
C403134;
C403137;
C403146;
C403147;
C403149;
C403150;
C403157;
C403158;
C403159;2
C403182;
C403186;
C403192;
C403197;
C403198;
C403202;
C403204;
C403206;
C403209;
C403210;1
C403211;
C403212;
C403214;
C403216;
C403221;2
C403223;
C403231;
C403235;
C403237;3
C403238;
C403239;
C403241;
C403243;
C403246;
C403248;
C403257;2
C403264;
C403265;
C403268;
C403270;
C403273;1
C403274;
C403276;
C403278;
C403281;
C403282;
C403283;
C403287;
C403292;
C403293;
C403296;
C403299;
C403300;
C403303;1
C403304;
C403306;
C403311;3
C403312;
C403313;
C403314;
C403315;
C403317;
C403318;
C403319;
C403320;
C403322;
C403325;
C403326;
C403327;
C403329;
C403331;
C403332;
C403335;
C403345;
C403346;
C403348;2
C403353;
C403428;1
C403481;
C403485;1
C403486;
C403488;
C403490;
C403491;
C403492;
C403508;
C403527;
C403535;
C403541;
C403556;1
C403569;1
C403571;
C403572;
C403575;
C403583;6
C403584;1
C403588;
C403626;
C403627;
C403629;
C403630;
C403633;
C403634;1
C403638;
C403639;
C403644;
C403646;
C403649;1
C403655;
C403659;
C403662;
C403668;2
C403712;
C404123;12
C404127;
C404132;1
C404218;
C404225;4
C404919;1
C404923;
C404935;
C405113;
C405115;2
C405119;
C405125;
C405227;1
C405232;
C405646;
C405647;
C405724;3
C406011;1
C406218;
C406223;
C406296;
C406318;
C406338;
C406342;
C406344;1
C406374;
C406444;
C406449;
C407060;
C407062;
C407179;
C407222;
C407248;
C407314;
C407315;
C407362;
C407363;2
C407434;
C407569;
C407594;
C407718;
C407935;
C407971;
C408032;
C408121;
C408136;
C408155;
C408255;
C408266;1
C408302;
C408313;
C408315;
C408316;
C408329;1
C408334;2
C408337;
C408340;
C408390;
C408408;
C408432;
C408496;
C408535;
C408544;
C408548;
C408564;
C408586;
C408607;
C408655;
C408689;
C408710;
C408717;1
C408737;
C408738;
C408766;
C408767;
C408901;
C408955;
C408990;
C408991;
C408996;
C409009;
C409031;
C409071;
C409072;1
C409075;
C409085;1
C409101;
C409121;
C409426;2
C409428;
C409518;
C409529;
C409801;
C409855;
C409915;
C410015;
C410016;3
C410019;
C410063;
C410066;
C410068;
C410072;
C410107;
C410123;
C410136;
C410142;
C410144;1
C410147;1
C410155;
C410165;
C410206;1
C410208;
C410209;
C410225;
C410227;
C410229;
C410232;
C410238;
C410240;
C410251;
C410278;
C410281;
C410286;
C410345;
C410346;
C410394;
C410505;
C410506;
C410520;3
C410535;
C410541;1
C410543;
C410549;4
C410553;
C410571;
C410627;
C410648;
C410652;
C410799;
C410840;
C410858;
C410864;
C410865;
C410945;
C410946;
C410949;
C410959;
C411026;
C411053;
C411054;1
C411055;
C411057;
C411201;2
C411206;
C411207;
C411210;
C411211;
C411213;
C411226;
C411233;2
C411235;
C411255;
C411269;
C411352;
C411411;1
C411614;2
C411621;
C411623;3
C411808;
C412102;
C412108;
C412118;
C412119;
C412124;
C412136;
C412144;10
C412145;
C412148;
C412155;
C412162;
C412170;
C412171;3
C412172;
C412173;1
C412177;
C412189;
C412199;
C412202;
C412204;
C412214;
C412220;
C412223;
C412224;4
C412227;
C412228;2
C412229;
C412231;
C412240;
C412241;
C412242;
C412247;
C412266;
C412284;
C412287;
C412306;
C412314;1
C412602;
C412661;
C412662;
C412890;
C412991;2
C412995;
C413002;
C413008;
C413009;
C413010;2
C413024;
C413025;
C413049;
C413156;
C413157;
C413159;
C413160;
C413182;1
C413211;
C413221;
C413234;
C413281;
C413287;
C413297;
C413302;
C413307;1
C413508;3
C413516;
C413622;
C413761;
C413890;2
C414002;
C414003;
C414115;
C414118;
C414124;
C414135;
C414136;
C414139;
C414141;
C414142;
C414143;
C414145;
C414147;
C414148;
C414153;2
C414208;1
C414229;
C414243;
C414244;
C414246;
C414250;
C414254;
C414264;
C414266;
C414281;2
C414283;
C414286;
C414306;
C414432;
C414520;
C414721;2
C414957;
C414958;
C414980;
C415024;
C415026;
C415029;3
C415031;
C415035;
C415043;
C415044;1
C415045;
C415047;
C415048;
C415049;
C415051;
C415052;
C415113;
C415123;
C415219;
C415221;
C415249;
C415250;
C415351;
C415381;2
C415421;
C415444;
C415520;
C415709;
C415734;
C415933;
C416001;
C416011;
C416020;
C416021;
C416033;
C416035;
C416039;3
C416051;
C416060;5
C416061;
C416081;
C416082;
C416106;
C416109;
C416111;
C416112;
C416127;3
C416130;
C416136;
C416137;1
C416141;
C416155;
C416158;
C416160;
C416161;3
C416164;
C416171;
C416222;5
C416242;
C416243;
C416244;
C416251;
C416252;
C416412;
C416466;
C416493;
C416531;
C416888;1
C416909;
C416921;
C416956;
C416996;
C416998;1
C417101;
C417184;
C417185;3
C417186;
C417188;1
C417310;
C417315;
C417317;
C417322;
C417323;
C417325;
C417383;
C417504;
C417531;
C417561;
C417843;
C418009;
C418026;
C418137;
C418145;1
C418147;
C418489;
C418551;
C418552;
C418716;
C418921;1
C418985;2
C419144;
C419183;
C419184;
C419185;
C419186;1
C419208;
C419241;
C419332;
C419353;
C419529;
C419545;
C419550;
C419606;
C419610;
C419613;2
C419619;
C419622;2
C419691;
C419715;1
C419831;
C419886;
C419887;1
C419896;2
C419907;3
C420105;
C420106;
C420107;
C420108;
C420112;1
C420141;
C420142;
C420146;1
C420162;
C420173;
C420191;
C420196;
C420197;1
C420200;
C420279;2
C420295;1
C420304;
C420307;1
C420309;1
C420316;
C420318;
C420328;
C420329;3
C420330;
C420340;
C420370;
C420372;
C420376;
C420381;
C420388;3
C420390;
C420403;
C420404;
C420408;
C420430;1
C420440;
C420441;2
C420444;
C420455;
C420466;2
C420604;
C420731;
C420754;
C420769;
C420779;
C420781;
C420902;
C420912;
C421000;
C421005;
C421025;3
C421144;
C421219;
C421229;
C421260;
C421283;1
C421491;1
C421662;1
C421911;1
C421912;
C422377;1
C422718;
C422847;2
C422851;
C422853;1
C422956;
C422961;
C423001;1
C423010;
C423013;
C423021;
C423023;
C423025;
C423026;
C423051;
C423210;
C423238;
C423331;
C423612;
C423633;1
C423733;
C423734;
C423937;2
C423939;
C424001;
C424004;
C424007;
C424029;
C424030;
C424088;
C424089;
C424102;
C424119;1
C424157;
C424170;
C424183;1
C424185;
C424209;
C424222;
C424242;
C424253;
C424260;1
C424271;
C424273;
C424274;
C424275;2
C424282;
C424286;
C424292;
C424302;
C424306;
C424307;
C424309;
C424327;
C424339;
C424340;
C424341;
C424356;
C424358;
C424376;
C424394;
C424399;
C424400;
C424401;
C424405;
C424409;
C424410;
C424455;
C424486;
C424498;
C424499;
C424511;
C424519;1
C424532;
C424533;
C424536;
C424539;3
C424548;
C424565;
C424566;1
C424569;1
C424581;1
C424583;
C424587;1
C424614;
C424623;
C424624;
C424625;
C424631;
C424633;
C424637;
C424638;
C424645;
C424647;
C424650;
C424652;
C424655;
C424693;
C424694;
C424695;
C424819;1
C424820;
C424824;
C424826;
C424836;3
C424838;
C424848;
C424874;1
C424876;1
C424880;3
C424885;
C424888;
C424889;
C424893;1
C424902;1
C424912;1
C424913;
C424917;
C424923;
C424924;
C424925;
C424937;
C424938;
C424951;
C424958;
C424960;
C424961;
C424972;
C424981;
C424982;
C424984;
C425001;
C425002;
C425006;
C425011;
C425012;
C425017;1
C425018;
C425025;
C425026;
C425030;
C425031;
C425033;
C425038;
C425046;
C425048;1
C425049;2
C425051;
C425052;
C425054;
C425055;
C425056;3
C425059;
C425060;
C425061;
C425065;
C425068;
C425070;
C425073;
C425074;
C425075;
C425076;
C425077;
C425078;
C425079;
C425085;
C425091;
C425094;
C425097;
C425098;
C425101;
C425102;3
C425106;
C425117;
C425158;
C425208;5
C425227;
C425228;
C425283;
C425285;
C425380;
C425502;
C425505;
C425513;
C425514;
C425523;
C425524;2
C425544;
C425545;
C425550;
C425551;
C425553;2
C425555;
C425567;
C425568;
C425569;1
C425572;1
C425576;1
C425577;
C425580;
C425586;6
C425594;
C425595;1
C425599;
C425608;
C425613;
C425617;
C425620;
C425622;
C425626;
C425627;1
C425628;
C425630;
C425631;
C425633;
C425634;
C425635;
C425636;
C425637;
C425643;1
C425646;
C425647;1
C425648;
C425658;
C425663;
C425665;
C425666;
C425667;
C425668;3
C425669;1
C425670;
C425672;
C425673;
C425674;
C425678;
C425681;
C425683;
C425685;
C425691;
C425692;
C425693;
C425696;
C425697;
C425698;1
C425700;
C425702;
C425703;
C425706;
C425707;
C425714;
C425716;
C425718;
C425728;
C425729;
C425732;
C425735;
C425737;
C425739;
C425740;
C425743;
C425744;
C425745;
C425746;
C425748;
C425751;
C425752;
C425759;
C425761;
C425762;
C425763;
C425764;
C425770;
C425786;
C425828;
C425882;
C425963;
C426119;
C426592;
C426932;1
C426997;3
C427093;
C427286;1
C427426;
C427427;
C427438;
C427682;
C427684;
C427930;
C428290;
C428316;1
C428356;
C428361;
C428450;
C428642;
C428645;
C428646;
C428720;
C428732;
C428756;
C428903;
C428923;
C428925;
C428927;
C428952;
C428957;
C428963;
C428964;
C429014;1
C429019;
C429036;1
C429039;2
C429043;
C429081;
C429116;1
C429620;
C429950;
C430014;
C430026;
C430030;
C430031;
C430044;
C430050;3
C430057;
C430085;
C430309;1
C430310;
C430319;
C430401;
C430533;
C430658;5
C430736;
C430821;
C430955;
C430958;
C431019;
C431061;
C431150;1
C431161;
C431164;2
C431167;
C431262;
C431374;
C431766;
C431772;
C431842;
C432023;
C432030;
C432340;
C432341;
C432732;1
C432735;
C432736;
C432943;
C432945;
C432946;
C433040;
C433264;
C433313;2
C433316;
C433349;
C433556;
C433633;2
C433954;
C434129;
C434136;
C434237;
C434433;
C434439;
C435118;
C435136;1
C435149;
C435151;
C435732;
C435915;
C435987;
C435988;
C436086;
C436330;1
C436737;
C436741;1
C437094;1
C437095;
C437112;
C437118;
C437119;
C437121;
C437131;4
C437136;
C437142;
C437155;
C437156;1
C437158;4
C437174;
C437178;
C437191;
C437373;
C437516;
C437623;
C437625;
C437655;
C437656;
C437791;
C437794;
C438026;1
C438129;
C438217;1
C438218;1
C438515;
C438614;
C438643;2
C438658;
C438660;
C438932;
C439007;
C439065;
C439255;1
C439637;
C439751;
C439943;
C439945;
C440010;3
C440013;
C440138;
C440158;
C440166;1
C440230;
C440441;
C440619;
C440623;1
C440840;
C441375;
C441523;
C441561;
C441831;
C442254;
C442255;1
C442420;1
C442433;
C442438;
C442532;
C442772;3
C443011;
C443401;2
C443821;
C443826;3
C443827;
C443838;
C443911;
C443943;
C444018;
C444391;
C444437;2
C444830;
C444853;
C445036;
C445309;
C445315;
C445319;3
C445347;
C445350;
C445361;
C445364;10
C445365;
C445367;
C445368;3
C445371;
C445372;
C445375;
C445376;2
C445377;
C445379;
C445381;
C445382;
C445383;
C445399;
C445401;
C445409;2
C445410;2
C445412;
C445612;
C445628;
C445633;
C445637;1
C445654;3
C445655;
C445661;
C445930;
C445932;1
C446052;
C446102;
C446106;
C446108;
C446203;
C446406;1
C446411;1
C446412;
C446605;1
C446609;
C446617;
C446634;
C446639;
C447036;1
C447041;1
C447327;
C447331;
C447491;1
C447517;
C447978;3
C447981;
C447984;
C447995;
C448007;1
C448008;
C448010;
C448023;
C448042;1
C448051;2
C448058;2
C448072;2
C448082;
C448086;
C448088;
C448091;3
C448099;
C448102;
C448106;
C448110;2
C448133;
C448140;1
C448147;
C448148;
C448149;
C448162;
C448165;
C448166;
C448173;
C448174;
C448184;
C448185;1
C448200;
C448201;
C448221;
C448264;
C448277;
C448291;1
C448293;
C448294;1
C448298;
C448299;
C448434;1
C448509;
C448519;3
C448639;
C448762;
C448981;
C449109;3
C449131;4
C449134;
C449149;
C449450;2
C449459;
C449802;
C449833;1
C449839;
C450116;
C450124;
C450147;5
C450156;
C450166;
C450168;
C450175;
C450176;
C450181;
C450186;
C450190;
C450199;
C450204;
C450206;
C450207;
C450225;
C450237;
C450248;
C450272;
C450286;
C450296;
C450312;
C450369;
C450378;
C450379;
C450642;
C450644;
C450648;
C450650;
C450667;
C451119;
C451376;
C451528;
C451724;
C451726;
C452125;
C452126;
C452309;
C452314;
C452367;
C452602;
C452603;1
C452614;2
C452621;
C452637;
C452638;
C452644;
C452871;
C452927;
C453288;3
C453301;
C453557;
C453632;1
C453824;
C454251;
C454427;2
C454436;2
C454441;4
C454582;
C454625;
C454626;1
C454695;1
C454732;
C454737;
C454865;
C454868;3
C454871;
C455049;
C455093;
C455243;
C455244;3
C455914;
C455946;1
C455952;
C456049;1
C456050;
C456230;
C456283;
C456294;
C456304;
C456328;1
C456392;
C456400;
C456402;
C457591;2
C457606;
C457764;1
C457930;
C457932;2
C457933;
C458020;3
C458021;
C458225;2
C458422;3
C458423;
C458711;
C458726;
C458727;
C458729;
C458734;
C458737;
C458739;2
C458740;
C458874;
C459319;1
C459406;2
C459408;
C459410;1
C459423;5
C459437;
C459457;
C459511;1
C459520;
C459527;
C459532;2
C459538;
C459546;8
C459549;
C459552;
C459553;
C459561;
C459565;
C459568;
C459582;
C459583;2
C459594;
C459600;
C459602;
C459607;6
C459623;
C459625;
C459626;3
C459660;2
C459661;
C459800;
C459805;
C460032;
C460131;
C460334;
C460338;
C460438;1
C460766;
C460782;5
C460789;
C461022;
C461024;
C461026;
C461106;
C461125;
C461133;1
C461135;
C461137;
C461143;
C461218;
C461222;
C461228;
C461230;1
C461238;
C461239;
C461247;
C461248;
C461251;
C461318;
C461319;2
C461740;
C461900;
C462124;
C462323;
C462381;
C462553;
C462733;2
C462734;1
C462903;
C462917;2
C462961;
C463219;
C463235;
C463237;
C463241;
C463243;
C463244;
C463251;
C463261;
C463421;
C463442;
C463485;
C463530;
C463555;
C463732;1
C463820;2
C463931;
C464050;
C464126;
C464308;
C464312;
C464322;
C464445;3
C464618;2
C464626;
C464637;
C464639;1
C464640;
C464801;
C464805;
C464825;
C464841;1
C464846;
C464978;
C465053;
C465264;
C465265;
C465924;
C465972;
C466262;2
C466388;
C467010;
C467011;
C467019;
C467029;
C467030;
C467043;5
C467154;3
C467158;1
C467516;
C467725;2
C467787;
C467914;2
C467918;
C467919;
C467921;2
C467934;
C468037;
C468038;
C468220;1
C468640;
C468860;2
C469155;3
C469427;
C469441;
C469442;
C469444;2
C469517;
C469518;
C469520;
C469528;
C469529;
C469531;
C469828;
C469920;6
C469931;
C469941;
C469970;
C469974;
C469983;
C470003;
C470429;3
C470613;1
C470636;
C470649;
C470656;
C470936;
C470944;5
C470945;
C470957;
C470963;8
C470964;
C470965;
C470967;
C470970;
C470978;
C471039;1
C471040;
C471251;2
C471431;
C471814;
C471924;1
C472038;
C472171;2
C472183;
C472331;
C472338;
C472343;
C472346;
C472347;
C472348;
C472353;
C472460;
C472463;
C472467;2
C472473;
C472479;
C472503;
C472505;
C472615;6
C472816;
C472839;
C472953;
C473250;
C473314;
C473318;3
C473319;
C473423;3
C473440;
C473482;
C473493;
C473494;
C473860;1
C473921;1
C473978;
C474055;
C474143;3
C474272;1
C474424;
C474450;
C474459;
C474462;
C474631;
C474640;2
C474664;2
C474718;2
C474719;
C475119;
C475122;1
C475168;
C475174;
C475454;
C475830;
C475878;
C475947;1
C476052;
C476157;1
C476249;
C476428;
C476431;
C476451;
C476725;
C476741;
C476862;1
C476992;
C476993;
C477025;
C477141;
C477326;
C477624;
C477668;2
C477811;
C477834;
C478022;
C478031;1
C478237;
C478710;
C478715;
C478836;
C478916;
C479051;
C479252;
C479383;
C479656;
C479918;
C480343;
C480391;
C480505;
C480754;
C480760;
C480827;
C480831;
C480841;2
C480843;
C481253;1
C481329;
C481365;
C481392;1
C481447;1
C481621;1
C481624;
C481721;2
C481769;
C481853;
C481875;4
C481881;
C481883;
C481884;
C481888;1
C481921;
C481922;
C481938;
C481941;3
C482261;1
C482360;
C482364;
C482472;
C482501;2
C482901;2
C482903;
C482951;
C483044;
C483233;
C483396;1
C483397;
C483668;
C483959;
C484001;
C484056;
C484424;
C484466;
C484552;
C484661;
C485061;
C485353;3
C485361;
C485366;2
C485367;
C485368;1
C485370;
C485371;
C485604;2
C485751;
C485855;
C485862;
C486127;
C486136;1
C486219;
C486224;
C486330;
C486368;
C486369;
C486379;
C486406;
C486407;
C486408;1
C486429;
C486433;3
C486692;
C486850;
C487462;
C487657;
C487730;
C487791;
C487889;3
C488162;
C488190;
C488430;
C488431;
C488495;
C488499;
C488712;
C488717;2
C488719;
C488723;8
C488726;
C488744;
C488749;1
C488755;
C488756;
C488758;1
C488764;
C488780;3
C488786;
C488801;
C488804;
C488805;
C488806;
C488807;
C488973;
C488974;
C489034;
C489166;
C489325;1
C489361;
C489420;
C489432;
C489441;
C489442;
C489537;2
C490127;
C490131;
C490210;
C490211;
C490225;3
C490304;1
C490412;
C490422;4
C490520;1
C490705;
C490946;
C491019;
C491026;
C491036;
C491055;
C491090;
C491100;1
C491113;
C491121;
C491123;
C491125;
C491136;1
C491137;2
C491144;
C491149;2
C491161;
C491182;
C491186;3
C491187;
C491228;1
C491230;
C491232;2
C491239;
C491248;
C491249;
C491420;
C491473;
C491503;
C491641;
C491696;
C491700;3
C491732;
C491750;
C491752;
C492168;3
C492430;
C492432;
C492433;
C492434;
C492436;1
C492615;
C492622;
C492634;
C492636;
C492637;
C492640;
C492919;
C492926;3
C492927;
C493036;
C493164;2
C493326;
C493420;
C493429;
C493430;
C493432;
C493433;
C493439;
C493449;1
C493451;
C493608;
C493813;
C493831;
C494013;
C494020;
C494028;
C494030;1
C494152;
C494193;
C494202;
C494227;
C494442;
C494492;
C494711;
C494712;
C494713;
C494741;
C494821;
C494855;
C494920;
C495214;
C495228;
C495240;
C495301;
C495510;
C495751;
C495933;
C496212;
C496218;3
C496225;
C496255;
C496293;
C496666;2
C496822;1
C496861;
C496904;2
C496910;
C497102;
C497146;
C497229;
C497295;
C497336;
C497445;
C497446;
C497735;
C497860;3
C497868;
C497870;
C497895;
C497898;
C497899;
C497900;
C497926;
C497928;
C497930;
C498110;1
C498122;
C498127;
C499240;1
C500017;
C500027;
C500031;3
C500032;1
C500033;
C500037;
C500041;
C500043;
C500046;3
C500048;
C500669;
C501003;
C501095;
C501139;
C501161;2
C501172;
C501173;5
C501187;
C501210;
C501212;
C501213;
C501238;
C501241;
C501301;
C501310;
C501311;1
C501320;2
C501328;
C501359;
C501410;
C501413;
C501416;
C501417;
C501422;
C501602;2
C501604;
C501769;
C501783;1
C501785;
C501786;
C501853;
C501854;
C501855;
C501914;3
C501917;
C501919;
C501923;
C502207;1
C502310;3
C502312;2
C503102;
C503625;
C503707;
C509009;
C509015;2
C509025;
C509027;
C509032;
C509102;5
C509113;
C509121;
C509140;
C509144;
C509185;
C509187;
C509196;
C509200;
C509251;
C509265;3
C509275;
C509290;
C509384;
C509398;
C509419;
C509427;
C509446;
C509466;6
C509504;
C509523;
C509604;
C509615;
C509670;3
C509695;3
C509782;17
C509786;
C509788;
C509790;
C509791;
C509792;
C509817;
C509825;
C509982;3
C509985;2
C509987;6
C522032;
C522068;
C522081;
C522167;
C522819;
C523650;
C523701;
C527107;
C535001;
C535220;
C536505;
C536770;1
C536904;
C541120;
C541220;
C542101;
C542235;2
C542245;3
C543119;
C551501;
C551806;
C554102;
C557116;
C559201;
C559203;
C559204;
C559205;
C559206;
C559207;
C589109;
C600057;
C600537;
C600591;
C633000;
C633001;
C633010;
C633012;
C633013;
C633014;
C633015;
C673146;
C676019;
C676020;
C676108;
C676237;
C676309;
C676606;
C678021;3
C678022;
C678023;
C678024;
C678025;
C678026;
C678131;
C682111;
C682113;
C682706;
C682715;
C682720;
C682809;
C683007;
C683008;
C683126;
C683133;
C683151;
C683152;
C683158;
C683162;
C683163;
C685105;
C685123;
C687004;
C687007;
C687040;
C687045;
C687046;
C687049;2
C687105;
C687117;
C687175;
C687179;
C687180;
C687184;
C687188;
C687190;
C687193;
C687194;
C687195;
C687201;
C687261;
C687302;
C687400;
C687910;
C689120;
C696105;
C696108;
C701121;
C788700;
